estudiante_id,nombres,apellidos,correo,semestre_id,seccion
VG260001,Diego,Castillo Gutiérrez,diego.castillo@vallegrande.edu.pe,V,A
VG260002,Ximena,Castillo Cárdenas,ximena.castillo@vallegrande.edu.pe,V,A
VG260003,Kevin,Cárdenas Villanueva,kevin.cardenas@vallegrande.edu.pe,V,A
VG260004,Gabriela,Torres Castillo,gabriela.torres@vallegrande.edu.pe,V,A
VG260005,Iván,Huertas Rojas,ivan.huertas@vallegrande.edu.pe,V,A
VG260006,Ricardo,Medina Cruz,ricardo.medina@vallegrande.edu.pe,V,A
VG260007,Joaquín,Díaz Villanueva,joaquin.diaz@vallegrande.edu.pe,V,A
VG260008,Jorge,Mendoza Quispe,jorge.mendoza@vallegrande.edu.pe,V,A
VG260009,Milagros,Palomino García,milagros.palomino@vallegrande.edu.pe,V,A
VG260010,Mariela,Gutiérrez Díaz,mariela.gutierrez@vallegrande.edu.pe,V,A
VG260011,Miguel,Mendoza Huamán,miguel.mendoza@vallegrande.edu.pe,V,A
VG260012,Mariela,Paredes Torres,mariela.paredes@vallegrande.edu.pe,V,A
VG260013,Jhon,Rojas Chávez,jhon.rojas@vallegrande.edu.pe,V,A
VG260014,Luis,Gutiérrez Ramos,luis.gutierrez@vallegrande.edu.pe,V,A
VG260015,Rosa,Cruz Rodríguez,rosa.cruz@vallegrande.edu.pe,V,A
VG260016,María,Vargas Quispe,maria.vargas@vallegrande.edu.pe,V,A
VG260017,Miguel,Soto Huertas,miguel.soto@vallegrande.edu.pe,V,A
VG260018,Rosa,Villanueva Villanueva,rosa.villanueva@vallegrande.edu.pe,V,A
VG260019,Fiorella,Huertas Huamán,fiorella.huertas@vallegrande.edu.pe,V,A
VG260020,Daniela,Ramos Rodríguez,daniela.ramos@vallegrande.edu.pe,V,A
VG260021,Joaquín,Espinoza Chávez,joaquin.espinoza@vallegrande.edu.pe,V,A
VG260022,Lucía,Ccahuana Espinoza,lucia.ccahuana@vallegrande.edu.pe,V,A
VG260023,Luis,García Ccahuana,luis.garcia@vallegrande.edu.pe,V,A
VG260024,Andrés,Flores Rodríguez,andres.flores@vallegrande.edu.pe,V,A
VG260025,Miguel,Salazar Sánchez,miguel.salazar@vallegrande.edu.pe,V,A
VG260026,Joaquín,Villanueva Ccahuana,joaquin.villanueva@vallegrande.edu.pe,V,A
VG260027,Renzo,García Salazar,renzo.garcia@vallegrande.edu.pe,V,A
VG260028,Miguel,Córdova Aguilar,miguel.cordova@vallegrande.edu.pe,V,A
VG260029,Renzo,Palomino Sánchez,renzo.palomino@vallegrande.edu.pe,V,A
VG260030,Fiorella,Villanueva Espinoza,fiorella.villanueva@vallegrande.edu.pe,V,A
VG260031,Sofía,Cárdenas Palomino,sofia.cardenas@vallegrande.edu.pe,V,A
VG260032,Andrés,Huamán Sánchez,andres.huaman@vallegrande.edu.pe,V,A
VG260033,Daniela,Quispe Salazar,daniela.quispe@vallegrande.edu.pe,V,A
VG260034,Valeria,Ccahuana Villanueva,valeria.ccahuana@vallegrande.edu.pe,V,A
VG260035,Luis,Córdova Cruz,luis.cordova@vallegrande.edu.pe,V,A
VG260036,Alessandra,Flores Vargas,alessandra.flores@vallegrande.edu.pe,V,A
VG260037,Gabriela,Rodríguez Gutiérrez,gabriela.rodriguez@vallegrande.edu.pe,V,A
VG260038,Yessenia,Vargas Rojas,yessenia.vargas@vallegrande.edu.pe,V,A
VG260039,Mariela,Gutiérrez Villanueva,mariela.gutierrez2@vallegrande.edu.pe,V,A
VG260040,Luciana,Villanueva Mamani,luciana.villanueva@vallegrande.edu.pe,V,A
VG260041,Fabricio,Aguilar Huertas,fabricio.aguilar@vallegrande.edu.pe,V,B
VG260042,Ximena,Gutiérrez Sánchez,ximena.gutierrez@vallegrande.edu.pe,V,B
VG260043,Miguel,Paredes Villanueva,miguel.paredes@vallegrande.edu.pe,V,B
VG260044,Renzo,Luna Salazar,renzo.luna@vallegrande.edu.pe,V,B
VG260045,Mariela,Palomino García,mariela.palomino@vallegrande.edu.pe,V,B
VG260046,Renzo,Huamán García,renzo.huaman@vallegrande.edu.pe,V,B
VG260047,Renzo,García Soto,renzo.garcia2@vallegrande.edu.pe,V,B
VG260048,Nicole,García Paredes,nicole.garcia@vallegrande.edu.pe,V,B
VG260049,Carlos,Mamani Medina,carlos.mamani@vallegrande.edu.pe,V,B
VG260050,Jhon,Vargas Córdova,jhon.vargas@vallegrande.edu.pe,V,B
VG260051,Fabricio,Medina Ramos,fabricio.medina@vallegrande.edu.pe,V,B
VG260052,Miguel,Cruz Castillo,miguel.cruz@vallegrande.edu.pe,V,B
VG260053,Sofía,Córdova García,sofia.cordova@vallegrande.edu.pe,V,B
VG260054,Andrés,Chávez Torres,andres.chavez@vallegrande.edu.pe,V,B
VG260055,Miguel,Espinoza Huamán,miguel.espinoza@vallegrande.edu.pe,V,B
VG260056,Renzo,Espinoza Soto,renzo.espinoza@vallegrande.edu.pe,V,B
VG260057,Álvaro,Rodríguez Mamani,alvaro.rodriguez@vallegrande.edu.pe,V,B
VG260058,Nicole,Sánchez Díaz,nicole.sanchez@vallegrande.edu.pe,V,B
VG260059,Estefany,Palomino Luna,estefany.palomino@vallegrande.edu.pe,V,B
VG260060,Gonzalo,Villanueva Medina,gonzalo.villanueva@vallegrande.edu.pe,V,B
VG260061,Andrés,Castillo Medina,andres.castillo@vallegrande.edu.pe,V,B
VG260062,Estefany,Gutiérrez Gutiérrez,estefany.gutierrez@vallegrande.edu.pe,V,B
VG260063,Alessandra,Castillo Aguilar,alessandra.castillo@vallegrande.edu.pe,V,B
VG260064,Miguel,Espinoza Cruz,miguel.espinoza2@vallegrande.edu.pe,V,B
VG260065,Pamela,Vargas Gutiérrez,pamela.vargas@vallegrande.edu.pe,V,B
VG260066,Marco,Sánchez Chávez,marco.sanchez@vallegrande.edu.pe,V,B
VG260067,Kevin,Rojas Castillo,kevin.rojas@vallegrande.edu.pe,V,B
VG260068,Renzo,Villanueva Vargas,renzo.villanueva@vallegrande.edu.pe,V,B
VG260069,Gabriela,Cruz Salazar,gabriela.cruz@vallegrande.edu.pe,V,B
VG260070,Estefany,Salazar García,estefany.salazar@vallegrande.edu.pe,V,B
VG260071,Lucía,Mamani Flores,lucia.mamani@vallegrande.edu.pe,V,B
VG260072,Marco,Mendoza Paredes,marco.mendoza@vallegrande.edu.pe,V,B
VG260073,Sebastián,Quispe Soto,sebastian.quispe@vallegrande.edu.pe,V,B
VG260074,Gabriela,Cruz Rojas,gabriela.cruz2@vallegrande.edu.pe,V,B
VG260075,Sofía,Quispe Aguilar,sofia.quispe@vallegrande.edu.pe,V,B
VG260076,Fabricio,Castillo Palomino,fabricio.castillo@vallegrande.edu.pe,V,B
VG260077,Yessenia,Gutiérrez Paredes,yessenia.gutierrez@vallegrande.edu.pe,V,B
VG260078,Milagros,Palomino Villanueva,milagros.palomino2@vallegrande.edu.pe,V,B
VG260079,Marco,Flores Córdova,marco.flores@vallegrande.edu.pe,V,B
VG260080,Miguel,Mamani Espinoza,miguel.mamani@vallegrande.edu.pe,V,B
VG260081,José,Espinoza Huamán,jose.espinoza@vallegrande.edu.pe,V,C
VG260082,Joaquín,Rojas Cruz,joaquin.rojas@vallegrande.edu.pe,V,C
VG260083,Mariela,Palomino Díaz,mariela.palomino2@vallegrande.edu.pe,V,C
VG260084,Renzo,Huertas Paredes,renzo.huertas@vallegrande.edu.pe,V,C
VG260085,Piero,Ramos Mendoza,piero.ramos@vallegrande.edu.pe,V,C
VG260086,Fabricio,Córdova Torres,fabricio.cordova@vallegrande.edu.pe,V,C
VG260087,Nicole,Huertas Ccahuana,nicole.huertas@vallegrande.edu.pe,V,C
VG260088,Gonzalo,Cruz Medina,gonzalo.cruz@vallegrande.edu.pe,V,C
VG260089,Diego,Torres Luna,diego.torres@vallegrande.edu.pe,V,C
VG260090,Pamela,Mendoza Huamán,pamela.mendoza@vallegrande.edu.pe,V,C
VG260091,Ximena,Mendoza Flores,ximena.mendoza@vallegrande.edu.pe,V,C
VG260092,Gonzalo,Mamani Aguilar,gonzalo.mamani@vallegrande.edu.pe,V,C
VG260093,Jorge,Rojas Quispe,jorge.rojas@vallegrande.edu.pe,V,C
VG260094,Joaquín,Gutiérrez Cruz,joaquin.gutierrez@vallegrande.edu.pe,V,C
VG260095,Nicole,Chávez Castillo,nicole.chavez@vallegrande.edu.pe,V,C
VG260096,Ximena,Ramos Medina,ximena.ramos@vallegrande.edu.pe,V,C
VG260097,Andrés,Ramos Mamani,andres.ramos@vallegrande.edu.pe,V,C
VG260098,Lucía,Córdova Luna,lucia.cordova@vallegrande.edu.pe,V,C
VG260099,Bruno,Cárdenas Córdova,bruno.cardenas@vallegrande.edu.pe,V,C
VG260100,Joaquín,Huertas García,joaquin.huertas@vallegrande.edu.pe,V,C
VG260101,Renzo,Castillo Huertas,renzo.castillo@vallegrande.edu.pe,V,C
VG260102,Renzo,Mendoza Huamán,renzo.mendoza@vallegrande.edu.pe,V,C
VG260103,Nicole,Ramos Ramos,nicole.ramos@vallegrande.edu.pe,V,C
VG260104,Milagros,Quispe Chávez,milagros.quispe@vallegrande.edu.pe,V,C
VG260105,Fabricio,Díaz Torres,fabricio.diaz@vallegrande.edu.pe,V,C
VG260106,Jhon,Aguilar Paredes,jhon.aguilar@vallegrande.edu.pe,V,C
VG260107,Estefany,Gutiérrez Villanueva,estefany.gutierrez2@vallegrande.edu.pe,V,C
VG260108,Renzo,Paredes Soto,renzo.paredes@vallegrande.edu.pe,V,C
VG260109,Álvaro,Paredes Rojas,alvaro.paredes@vallegrande.edu.pe,V,C
VG260110,Marco,Torres Ramos,marco.torres@vallegrande.edu.pe,V,C
VG260111,Estefany,Ramos Rodríguez,estefany.ramos@vallegrande.edu.pe,V,C
VG260112,Diego,Cárdenas Palomino,diego.cardenas@vallegrande.edu.pe,V,C
VG260113,María,Mendoza Díaz,maria.mendoza@vallegrande.edu.pe,V,C
VG260114,Pamela,Soto García,pamela.soto@vallegrande.edu.pe,V,C
VG260115,Sofía,Córdova Torres,sofia.cordova2@vallegrande.edu.pe,V,C
VG260116,Camila,Cruz Salazar,camila.cruz@vallegrande.edu.pe,V,C
VG260117,Renzo,Paredes Aguilar,renzo.paredes2@vallegrande.edu.pe,V,C
VG260118,Milagros,Palomino García,milagros.palomino3@vallegrande.edu.pe,V,C
VG260119,Andrés,Vargas Rodríguez,andres.vargas@vallegrande.edu.pe,V,C
VG260120,Gabriela,Gutiérrez Quispe,gabriela.gutierrez@vallegrande.edu.pe,V,C
